{"cameraMode":{"drawMode":0,"name":"Shaded","section":"Shading Mode"},"sceneLighting":false,"audioPlay":false,"sceneViewState":{"m_AlwaysRefresh":false,"showFog":true,"showSkybox":false,"showFlares":true,"showImageEffects":true,"showParticleSystems":true,"showVisualEffectGraphs":true,"m_FxEnabled":true},"in2DMode":false,"pivot":{"x":-0.002754107117652893,"y":-0.8060474395751953,"z":5.960464477539063e-8},"rotation":{"x":-0.002536930376663804,"y":0.7079854607582092,"z":0.00255592935718596,"w":0.706247091293335},"size":0.8866140246391296,"orthographic":false}