{"cameraMode":{"drawMode":0,"name":"Shaded","section":"Shading Mode"},"sceneLighting":false,"audioPlay":false,"sceneViewState":{"m_AlwaysRefresh":false,"showFog":true,"showSkybox":false,"showFlares":true,"showImageEffects":true,"showParticleSystems":true,"showVisualEffectGraphs":true,"m_FxEnabled":true},"in2DMode":false,"pivot":{"x":0.07338881492614746,"y":-0.8084566593170166,"z":-0.11061051487922669},"rotation":{"x":0.02942528948187828,"y":0.8061665296554565,"z":-0.040164314210414889,"w":0.5896207094192505},"size":0.8866140246391296,"orthographic":false}